{
  "roc_auc": 0.8644435608059451,
  "pr_auc": 0.3956330421127868,
  "f1": 0.4377119809331744,
  "precision": 0.40493554952510175,
  "recall": 0.476261719529224,
  "threshold": 0.23,
  "positive_rate_pred": 0.07861333333333333,
  "positive_rate_true": 0.06684,
  "tn": 132957,
  "fp": 7017,
  "fn": 5251,
  "tp": 4775
}